AMD_Radeon(TM)_Graphics##sys_gpu_video_codec,AMD_Radeon_RX_6700M##sys_gpu_video_codec,mediasdk_server???15116_AMD_Radeon(TM)_Graphics@@gpu_video_codec,mediasdk_server???15116_AMD_Radeon_RX_6700M@@gpu_video_codec,parfait_crash_handler???11840_AMD_Radeon(TM)_Graphics@@gpu_video_codec,parfait_crash_handler???11840_AMD_Radeon_RX_6700M@@gpu_video_codec,parfait_crash_handler???12716_AMD_Radeon(TM)_Graphics@@gpu_video_codec,parfait_crash_handler???12716_AMD_Radeon_RX_6700M@@gpu_video_codec,tiktok_live_studio???15580_AMD_Radeon(TM)_Graphics@@gpu_video_codec,tiktok_live_studio???15580_AMD_Radeon_RX_6700M@@gpu_video_codec,tiktok_live_studio???788_AMD_Radeon(TM)_Graphics@@gpu_video_codec,tiktok_live_studio???788_AMD_Radeon_RX_6700M@@gpu_video_codec,tiktok_live_studio???15044_AMD_Radeon(TM)_Graphics@@gpu_video_codec,tiktok_live_studio???15044_AMD_Radeon_RX_6700M@@gpu_video_codec,tiktok_live_studio???13780_AMD_Radeon(TM)_Graphics@@gpu_video_codec,tiktok_live_studio???13780_AMD_Radeon_RX_6700M@@gpu_video_codec,tiktok_live_studio???11724_AMD_Radeon(TM)_Graphics@@gpu_video_codec,tiktok_live_studio???11724_AMD_Radeon_RX_6700M@@gpu_video_codec,tiktok_live_studio???10868_AMD_Radeon(TM)_Graphics@@gpu_video_codec,tiktok_live_studio???10868_AMD_Radeon_RX_6700M@@gpu_video_codec,tiktok_live_studio???10664_AMD_Radeon(TM)_Graphics@@gpu_video_codec,tiktok_live_studio???10664_AMD_Radeon_RX_6700M@@gpu_video_codec,tiktok_live_studio???16116_AMD_Radeon(TM)_Graphics@@gpu_video_codec,tiktok_live_studio???16116_AMD_Radeon_RX_6700M@@gpu_video_codec,tiktok_live_studio???10712_AMD_Radeon(TM)_Graphics@@gpu_video_codec,tiktok_live_studio???10712_AMD_Radeon_RX_6700M@@gpu_video_codec,tiktok_live_studio???13600_AMD_Radeon(TM)_Graphics@@gpu_video_codec,tiktok_live_studio???13600_AMD_Radeon_RX_6700M@@gpu_video_codec,tiktok_live_studio???6216_AMD_Radeon(TM)_Graphics@@gpu_video_codec,tiktok_live_studio???6216_AMD_Radeon_RX_6700M@@gpu_video_codec,AMD_Radeon(TM)_Graphics##total_gpu_video_codec,AMD_Radeon_RX_6700M##total_gpu_video_codec
0,0.14,0,0,0,0,0,0,0,0,0,0,0,0,0,0,0,0,0,0,0,0,0,0,0,0,0,0,0,0,0,0
0,67.48,0,68.1,0,0,0,0,0,0,0,0,0,0,0,0,0,0,0,0,0,0,0,0,0,0,0,0,0,0,0,68.1
0,69.13,0,69.18,0,0,0,0,0,0,0,0,0,0,0,0,0,0,0,0,0,0,0,0,0,0,0,0,0,0,0,69.18
0,69.01,0,67.1,0,0,0,0,0,0,0,0,0,0,0,0,0,0,0,0,0,0,0,0,0,0,0,0,0,0,0,67.1
0,66.85,0,68.07,0,0,0,0,0,0,0,0,0,0,0,0,0,0,0,0,0,0,0,0,0,0,0,0,0,0,0,68.07
0,70.06,0,67.91,0,0,0,0,0,0,0,0,0,0,0,0,0,0,0,0,0,0,0,0,0,0,0,0,0,0,0,67.91
0,69.18,0,70.25,0,0,0,0,0,0,0,0,0,0,0,0,0,0,0,0,0,0,0,0,0,0,0,0,0,0,0,70.25
0,65.65,0,65.57,0,0,0,0,0,0,0,0,0,0,0,0,0,0,0,0,0,0,0,0,0,0,0,0,0,0,0,65.57
0,68.18,0,69.28,0,0,0,0,0,0,0,0,0,0,0,0,0,0,0,0,0,0,0,0,0,0,0,0,0,0,0,69.28
0,67.9,0,67.76,0,0,0,0,0,0,0,0,0,0,0,0,0,0,0,0,0,0,0,0,0,0,0,0,0,0,0,67.76
0,67.97,0,67.62,0,0,0,0,0,0,0,0,0,0,0,0,0,0,0,0,0,0,0,0,0,0,0,0,0,0,0,67.62
0,68.17,0,68.6,0,0,0,0,0,0,0,0,0,0,0,0,0,0,0,0,0,0,0,0,0,0,0,0,0,0,0,68.6
0,69.33,0,68.14,0,0,0,0,0,0,0,0,0,0,0,0,0,0,0,0,0,0,0,0,0,0,0,0,0,0,0,68.14
0,66.6,0,67.79,0,0,0,0,0,0,0,0,0,0,0,0,0,0,0,0,0,0,0,0,0,0,0,0,0,0,0,67.79
0,70.21,0,68.82,0,0,0,0,0,0,0,0,0,0,0,0,0,0,0,0,0,0,0,0,0,0,0,0,0,0,0,68.82
0,67.89,0,66.9,0,0,0,0,0,0,0,0,0,0,0,0,0,0,0,0,0,0,0,0,0,0,0,0,0,0,0,66.9
0,65.98,0,69.18,0,0,0,0,0,0,0,0,0,0,0,0,0,0,0,0,0,0,0,0,0,0,0,0,0,0,0,69.18
0,69.04,0,68.29,0,0,0,0,0,0,0,0,0,0,0,0,0,0,0,0,0,0,0,0,0,0,0,0,0,0,0,68.29
0,69.23,0,68.1,0,0,0,0,0,0,0,0,0,0,0,0,0,0,0,0,0,0,0,0,0,0,0,0,0,0,0,68.1
0,66.73,0,67.34,0,0,0,0,0,0,0,0,0,0,0,0,0,0,0,0,0,0,0,0,0,0,0,0,0,0,0,67.34
0,68.1,0,68.06,0,0,0,0,0,0,0,0,0,0,0,0,0,0,0,0,0,0,0,0,0,0,0,0,0,0,0,68.06
0,69.06,0,68.54,0,0,0,0,0,0,0,0,0,0,0,0,0,0,0,0,0,0,0,0,0,0,0,0,0,0,0,68.54
0,68.13,0,67.65,0,0,0,0,0,0,0,0,0,0,0,0,0,0,0,0,0,0,0,0,0,0,0,0,0,0,0,67.65
0,66.91,0,67.96,0,0,0,0,0,0,0,0,0,0,0,0,0,0,0,0,0,0,0,0,0,0,0,0,0,0,0,67.96
0,69.16,0,68.41,0,0,0,0,0,0,0,0,0,0,0,0,0,0,0,0,0,0,0,0,0,0,0,0,0,0,0,68.41
0,67.86,0,67.65,0,0,0,0,0,0,0,0,0,0,0,0,0,0,0,0,0,0,0,0,0,0,0,0,0,0,0,67.65
0,68.15,0,68.45,0,0,0,0,0,0,0,0,0,0,0,0,0,0,0,0,0,0,0,0,0,0,0,0,0,0,0,68.45
0,69.03,0,67.95,0,0,0,0,0,0,0,0,0,0,0,0,0,0,0,0,0,0,0,0,0,0,0,0,0,0,0,67.95
0,65.84,0,68.78,0,0,0,0,0,0,0,0,0,0,0,0,0,0,0,0,0,0,0,0,0,0,0,0,0,0,0,68.78
0,68.95,0,68.16,0,0,0,0,0,0,0,0,0,0,0,0,0,0,0,0,0,0,0,0,0,0,0,0,0,0,0,68.16
0,68.35,0,68.33,0,0,0,0,0,0,0,0,0,0,0,0,0,0,0,0,0,0,0,0,0,0,0,0,0,0,0,68.33
0,67.05,0,67.8,0,0,0,0,0,0,0,0,0,0,0,0,0,0,0,0,0,0,0,0,0,0,0,0,0,0,0,67.8
