AMD_Radeon_RX_6700M##sys_gpu_high_priority_3d,mediasdk_server???15116_AMD_Radeon_RX_6700M@@gpu_high_priority_3d,parfait_crash_handler???11840_AMD_Radeon_RX_6700M@@gpu_high_priority_3d,parfait_crash_handler???12716_AMD_Radeon_RX_6700M@@gpu_high_priority_3d,tiktok_live_studio???15580_AMD_Radeon_RX_6700M@@gpu_high_priority_3d,tiktok_live_studio???788_AMD_Radeon_RX_6700M@@gpu_high_priority_3d,tiktok_live_studio???15044_AMD_Radeon_RX_6700M@@gpu_high_priority_3d,tiktok_live_studio???13780_AMD_Radeon_RX_6700M@@gpu_high_priority_3d,tiktok_live_studio???11724_AMD_Radeon_RX_6700M@@gpu_high_priority_3d,tiktok_live_studio???10868_AMD_Radeon_RX_6700M@@gpu_high_priority_3d,tiktok_live_studio???10664_AMD_Radeon_RX_6700M@@gpu_high_priority_3d,tiktok_live_studio???16116_AMD_Radeon_RX_6700M@@gpu_high_priority_3d,tiktok_live_studio???10712_AMD_Radeon_RX_6700M@@gpu_high_priority_3d,tiktok_live_studio???13600_AMD_Radeon_RX_6700M@@gpu_high_priority_3d,tiktok_live_studio???6216_AMD_Radeon_RX_6700M@@gpu_high_priority_3d,AMD_Radeon_RX_6700M##total_gpu_high_priority_3d
0,0,0,0,0,0,0,0,0,0,0,0,0,0,0,0
0,0,0,0,0,0,0,0,0,0,0,0,0,0,0,0
0,0,0,0,0,0,0,0,0,0,0,0,0,0,0,0
0,0,0,0,0,0,0,0,0,0,0,0,0,0,0,0
0,0,0,0,0,0,0,0,0,0,0,0,0,0,0,0
0,0,0,0,0,0,0,0,0,0,0,0,0,0,0,0
0,0,0,0,0,0,0,0,0,0,0,0,0,0,0,0
0,0,0,0,0,0,0,0,0,0,0,0,0,0,0,0
0,0,0,0,0,0,0,0,0,0,0,0,0,0,0,0
0,0,0,0,0,0,0,0,0,0,0,0,0,0,0,0
0,0,0,0,0,0,0,0,0,0,0,0,0,0,0,0
0,0,0,0,0,0,0,0,0,0,0,0,0,0,0,0
0,0,0,0,0,0,0,0,0,0,0,0,0,0,0,0
0,0,0,0,0,0,0,0,0,0,0,0,0,0,0,0
0,0,0,0,0,0,0,0,0,0,0,0,0,0,0,0
0,0,0,0,0,0,0,0,0,0,0,0,0,0,0,0
