AMD_Radeon(TM)_Graphics##sys_gpu_video_codec,AMD_Radeon_RX_6700M##sys_gpu_video_codec,mediasdk_server???16724_AMD_Radeon(TM)_Graphics@@gpu_video_codec,mediasdk_server???16724_AMD_Radeon_RX_6700M@@gpu_video_codec,parfait_crash_handler???11840_AMD_Radeon(TM)_Graphics@@gpu_video_codec,parfait_crash_handler???11840_AMD_Radeon_RX_6700M@@gpu_video_codec,parfait_crash_handler???5352_AMD_Radeon(TM)_Graphics@@gpu_video_codec,parfait_crash_handler???5352_AMD_Radeon_RX_6700M@@gpu_video_codec,tiktok_live_studio???17260_AMD_Radeon(TM)_Graphics@@gpu_video_codec,tiktok_live_studio???17260_AMD_Radeon_RX_6700M@@gpu_video_codec,tiktok_live_studio???15768_AMD_Radeon(TM)_Graphics@@gpu_video_codec,tiktok_live_studio???15768_AMD_Radeon_RX_6700M@@gpu_video_codec,tiktok_live_studio???15672_AMD_Radeon(TM)_Graphics@@gpu_video_codec,tiktok_live_studio???15672_AMD_Radeon_RX_6700M@@gpu_video_codec,tiktok_live_studio???3556_AMD_Radeon(TM)_Graphics@@gpu_video_codec,tiktok_live_studio???3556_AMD_Radeon_RX_6700M@@gpu_video_codec,tiktok_live_studio???12732_AMD_Radeon(TM)_Graphics@@gpu_video_codec,tiktok_live_studio???12732_AMD_Radeon_RX_6700M@@gpu_video_codec,tiktok_live_studio???6224_AMD_Radeon(TM)_Graphics@@gpu_video_codec,tiktok_live_studio???6224_AMD_Radeon_RX_6700M@@gpu_video_codec,tiktok_live_studio???13560_AMD_Radeon(TM)_Graphics@@gpu_video_codec,tiktok_live_studio???13560_AMD_Radeon_RX_6700M@@gpu_video_codec,tiktok_live_studio???2584_AMD_Radeon(TM)_Graphics@@gpu_video_codec,tiktok_live_studio???2584_AMD_Radeon_RX_6700M@@gpu_video_codec,tiktok_live_studio???8748_AMD_Radeon(TM)_Graphics@@gpu_video_codec,tiktok_live_studio???8748_AMD_Radeon_RX_6700M@@gpu_video_codec,tiktok_live_studio???14868_AMD_Radeon(TM)_Graphics@@gpu_video_codec,tiktok_live_studio???14868_AMD_Radeon_RX_6700M@@gpu_video_codec,tiktok_live_studio???2304_AMD_Radeon(TM)_Graphics@@gpu_video_codec,tiktok_live_studio???2304_AMD_Radeon_RX_6700M@@gpu_video_codec,tiktok_live_studio???7528_AMD_Radeon(TM)_Graphics@@gpu_video_codec,tiktok_live_studio???7528_AMD_Radeon_RX_6700M@@gpu_video_codec,AMD_Radeon(TM)_Graphics##total_gpu_video_codec,AMD_Radeon_RX_6700M##total_gpu_video_codec
0,5.06,0,0,0,0,0,0,0,0,0,0,0,0,0,0,0,0,0,0,0,0,0,0,0,0,0,0,0,0,0,0,0,0
0,9.2,0,8.93,0,0,0,0,0,0,0,0,0,0,0,0,0,0,0,0,0,0,0,0,0,0,0,0,0,0,0,0,0,8.93
0,9.44,0,9.31,0,0,0,0,0,0,0,0,0,0,0,0,0,0,0,0,0,0,0,0,0,0,0,0,0,0,0,0,0,9.31
0,9.12,0,9.19,0,0,0,0,0,0,0,0,0,0,0,0,0,0,0,0,0,0,0,0,0,0,0,0,0,0,0,0,0,9.19
0,8.9,0,8.81,0,0,0,0,0,0,0,0,0,0,0,0,0,0,0,0,0,0,0,0,0,0,0,0,0,0,0,0,0,8.81
0,8.82,0,8.85,0,0,0,0,0,0,0,0,0,0,0,0,0,0,0,0,0,0,0,0,0,0,0,0,0,0,0,0,0,8.85
0,8.59,0,8.99,0,0,0,0,0,0,0,0,0,0,0,0,0,0,0,0,0,0,0,0,0,0,0,0,0,0,0,0,0,8.99
0,9.57,0,9.02,0,0,0,0,0,0,0,0,0,0,0,0,0,0,0,0,0,0,0,0,0,0,0,0,0,0,0,0,0,9.02
0,8.77,0,8.92,0,0,0,0,0,0,0,0,0,0,0,0,0,0,0,0,0,0,0,0,0,0,0,0,0,0,0,0,0,8.92
0,9.08,0,9.48,0,0,0,0,0,0,0,0,0,0,0,0,0,0,0,0,0,0,0,0,0,0,0,0,0,0,0,0,0,9.48
0,8.87,0,8.76,0,0,0,0,0,0,0,0,0,0,0,0,0,0,0,0,0,0,0,0,0,0,0,0,0,0,0,0,0,8.76
0,9,0,9.19,0,0,0,0,0,0,0,0,0,0,0,0,0,0,0,0,0,0,0,0,0,0,0,0,0,0,0,0,0,9.19
0,10.71,0,10.69,0,0,0,0,0,0,0,0,0,0,0,0,0,0,0,0,0,0,0,0,0,0,0,0,0,0,0,0,0,10.69
0,10.93,0,10.45,0,0,0,0,0,0,0,0,0,0,0,0,0,0,0,0,0,0,0,0,0,0,0,0,0,0,0,0,0,10.45
0,9.81,0,10.1,0,0,0,0,0,0,0,0,0,0,0,0,0,0,0,0,0,0,0,0,0,0,0,0,0,0,0,0,0,10.1
0,9.4,0,9.23,0,0,0,0,0,0,0,0,0,0,0,0,0,0,0,0,0,0,0,0,0,0,0,0,0,0,0,0,0,9.23
0,10.42,0,11.07,0,0,0,0,0,0,0,0,0,0,0,0,0,0,0,0,0,0,0,0,0,0,0,0,0,0,0,0,0,11.07
0,9.29,0,9.1,0,0,0,0,0,0,0,0,0,0,0,0,0,0,0,0,0,0,0,0,0,0,0,0,0,0,0,0,0,9.1
0,9.49,0,9.49,0,0,0,0,0,0,0,0,0,0,0,0,0,0,0,0,0,0,0,0,0,0,0,0,0,0,0,0,0,9.49
0,8.85,0,8.96,0,0,0,0,0,0,0,0,0,0,0,0,0,0,0,0,0,0,0,0,0,0,0,0,0,0,0,0,0,8.96
0,9.11,0,8.52,0,0,0,0,0,0,0,0,0,0,0,0,0,0,0,0,0,0,0,0,0,0,0,0,0,0,0,0,0,8.52
0,10.05,0,10.58,0,0,0,0,0,0,0,0,0,0,0,0,0,0,0,0,0,0,0,0,0,0,0,0,0,0,0,0,0,10.58
0,10.34,0,10.07,0,0,0,0,0,0,0,0,0,0,0,0,0,0,0,0,0,0,0,0,0,0,0,0,0,0,0,0,0,10.07
0,9.68,0,9.63,0,0,0,0,0,0,0,0,0,0,0,0,0,0,0,0,0,0,0,0,0,0,0,0,0,0,0,0,0,9.63
0,9.24,0,9.05,0,0,0,0,0,0,0,0,0,0,0,0,0,0,0,0,0,0,0,0,0,0,0,0,0,0,0,0,0,9.05
0,8.69,0,8.68,0,0,0,0,0,0,0,0,0,0,0,0,0,0,0,0,0,0,0,0,0,0,0,0,0,0,0,0,0,8.68
0,8.43,0,8.87,0,0,0,0,0,0,0,0,0,0,0,0,0,0,0,0,0,0,0,0,0,0,0,0,0,0,0,0,0,8.87
0,9.55,0,9.45,0,0,0,0,0,0,0,0,0,0,0,0,0,0,0,0,0,0,0,0,0,0,0,0,0,0,0,0,0,9.45
0,9.58,0,9.45,0,0,0,0,0,0,0,0,0,0,0,0,0,0,0,0,0,0,0,0,0,0,0,0,0,0,0,0,0,9.45
0,10.28,0,10.11,0,0,0,0,0,0,0,0,0,0,0,0,0,0,0,0,0,0,0,0,0,0,0,0,0,0,0,0,0,10.11
0,11.51,0,11.84,0,0,0,0,0,0,0,0,0,0,0,0,0,0,0,0,0,0,0,0,0,0,0,0,0,0,0,0,0,11.84
0,10.95,0,10.59,0,0,0,0,0,0,0,0,0,0,0,0,0,0,0,0,0,0,0,0,0,0,0,0,0,0,0,0,0,10.59
0,9.8,0,9.95,0,0,0,0,0,0,0,0,0,0,0,0,0,0,0,0,0,0,0,0,0,0,0,0,0,0,0,0,0,9.95
0,9.97,0,9.8,0,0,0,0,0,0,0,0,0,0,0,0,0,0,0,0,0,0,0,0,0,0,0,0,0,0,0,0,0,9.8
