AMD_Radeon_RX_6700M##sys_gpu_high_priority_3d,mediasdk_server???16724_AMD_Radeon_RX_6700M@@gpu_high_priority_3d,parfait_crash_handler???11840_AMD_Radeon_RX_6700M@@gpu_high_priority_3d,parfait_crash_handler???5352_AMD_Radeon_RX_6700M@@gpu_high_priority_3d,tiktok_live_studio???17260_AMD_Radeon_RX_6700M@@gpu_high_priority_3d,tiktok_live_studio???15768_AMD_Radeon_RX_6700M@@gpu_high_priority_3d,tiktok_live_studio???15672_AMD_Radeon_RX_6700M@@gpu_high_priority_3d,tiktok_live_studio???3556_AMD_Radeon_RX_6700M@@gpu_high_priority_3d,tiktok_live_studio???12732_AMD_Radeon_RX_6700M@@gpu_high_priority_3d,tiktok_live_studio???6224_AMD_Radeon_RX_6700M@@gpu_high_priority_3d,tiktok_live_studio???13560_AMD_Radeon_RX_6700M@@gpu_high_priority_3d,tiktok_live_studio???2584_AMD_Radeon_RX_6700M@@gpu_high_priority_3d,tiktok_live_studio???8748_AMD_Radeon_RX_6700M@@gpu_high_priority_3d,tiktok_live_studio???14868_AMD_Radeon_RX_6700M@@gpu_high_priority_3d,tiktok_live_studio???2304_AMD_Radeon_RX_6700M@@gpu_high_priority_3d,tiktok_live_studio???7528_AMD_Radeon_RX_6700M@@gpu_high_priority_3d,AMD_Radeon_RX_6700M##total_gpu_high_priority_3d
0,0,0,0,0,0,0,0,0,0,0,0,0,0,0,0,0
0,0,0,0,0,0,0,0,0,0,0,0,0,0,0,0,0
0,0,0,0,0,0,0,0,0,0,0,0,0,0,0,0,0
0,0,0,0,0,0,0,0,0,0,0,0,0,0,0,0,0
0,0,0,0,0,0,0,0,0,0,0,0,0,0,0,0,0
0,0,0,0,0,0,0,0,0,0,0,0,0,0,0,0,0
0,0,0,0,0,0,0,0,0,0,0,0,0,0,0,0,0
0,0,0,0,0,0,0,0,0,0,0,0,0,0,0,0,0
0,0,0,0,0,0,0,0,0,0,0,0,0,0,0,0,0
0,0,0,0,0,0,0,0,0,0,0,0,0,0,0,0,0
0,0,0,0,0,0,0,0,0,0,0,0,0,0,0,0,0
0,0,0,0,0,0,0,0,0,0,0,0,0,0,0,0,0
0,0,0,0,0,0,0,0,0,0,0,0,0,0,0,0,0
0,0,0,0,0,0,0,0,0,0,0,0,0,0,0,0,0
0,0,0,0,0,0,0,0,0,0,0,0,0,0,0,0,0
0,0,0,0,0,0,0,0,0,0,0,0,0,0,0,0,0
0,0,0,0,0,0,0,0,0,0,0,0,0,0,0,0,0
