AMD_Radeon_RX_6700M##sys_gpu_high_priority_3d,mediasdk_server???13780_AMD_Radeon_RX_6700M@@gpu_high_priority_3d,parfait_crash_handler???11840_AMD_Radeon_RX_6700M@@gpu_high_priority_3d,parfait_crash_handler???6572_AMD_Radeon_RX_6700M@@gpu_high_priority_3d,tiktok_live_studio???9304_AMD_Radeon_RX_6700M@@gpu_high_priority_3d,tiktok_live_studio???8924_AMD_Radeon_RX_6700M@@gpu_high_priority_3d,tiktok_live_studio???13564_AMD_Radeon_RX_6700M@@gpu_high_priority_3d,tiktok_live_studio???16040_AMD_Radeon_RX_6700M@@gpu_high_priority_3d,tiktok_live_studio???672_AMD_Radeon_RX_6700M@@gpu_high_priority_3d,tiktok_live_studio???1996_AMD_Radeon_RX_6700M@@gpu_high_priority_3d,tiktok_live_studio???16368_AMD_Radeon_RX_6700M@@gpu_high_priority_3d,tiktok_live_studio???9900_AMD_Radeon_RX_6700M@@gpu_high_priority_3d,tiktok_live_studio???11080_AMD_Radeon_RX_6700M@@gpu_high_priority_3d,tiktok_live_studio???4040_AMD_Radeon_RX_6700M@@gpu_high_priority_3d,tiktok_live_studio???2848_AMD_Radeon_RX_6700M@@gpu_high_priority_3d,AMD_Radeon_RX_6700M##total_gpu_high_priority_3d
0,0,0,0,0,0,0,0,0,0,0,0,0,0,0,0
0,0,0,0,0,0,0,0,0,0,0,0,0,0,0,0
0,0,0,0,0,0,0,0,0,0,0,0,0,0,0,0
0,0,0,0,0,0,0,0,0,0,0,0,0,0,0,0
0,0,0,0,0,0,0,0,0,0,0,0,0,0,0,0
0,0,0,0,0,0,0,0,0,0,0,0,0,0,0,0
0,0,0,0,0,0,0,0,0,0,0,0,0,0,0,0
0,0,0,0,0,0,0,0,0,0,0,0,0,0,0,0
0,0,0,0,0,0,0,0,0,0,0,0,0,0,0,0
0,0,0,0,0,0,0,0,0,0,0,0,0,0,0,0
0,0,0,0,0,0,0,0,0,0,0,0,0,0,0,0
0,0,0,0,0,0,0,0,0,0,0,0,0,0,0,0
0,0,0,0,0,0,0,0,0,0,0,0,0,0,0,0
0,0,0,0,0,0,0,0,0,0,0,0,0,0,0,0
0,0,0,0,0,0,0,0,0,0,0,0,0,0,0,0
0,0,0,0,0,0,0,0,0,0,0,0,0,0,0,0
