AMD_Radeon(TM)_Graphics##sys_gpu_video_codec,AMD_Radeon_RX_6700M##sys_gpu_video_codec,mediasdk_server???13780_AMD_Radeon(TM)_Graphics@@gpu_video_codec,mediasdk_server???13780_AMD_Radeon_RX_6700M@@gpu_video_codec,parfait_crash_handler???11840_AMD_Radeon(TM)_Graphics@@gpu_video_codec,parfait_crash_handler???11840_AMD_Radeon_RX_6700M@@gpu_video_codec,parfait_crash_handler???6572_AMD_Radeon(TM)_Graphics@@gpu_video_codec,parfait_crash_handler???6572_AMD_Radeon_RX_6700M@@gpu_video_codec,tiktok_live_studio???9304_AMD_Radeon(TM)_Graphics@@gpu_video_codec,tiktok_live_studio???9304_AMD_Radeon_RX_6700M@@gpu_video_codec,tiktok_live_studio???8924_AMD_Radeon(TM)_Graphics@@gpu_video_codec,tiktok_live_studio???8924_AMD_Radeon_RX_6700M@@gpu_video_codec,tiktok_live_studio???13564_AMD_Radeon(TM)_Graphics@@gpu_video_codec,tiktok_live_studio???13564_AMD_Radeon_RX_6700M@@gpu_video_codec,tiktok_live_studio???16040_AMD_Radeon(TM)_Graphics@@gpu_video_codec,tiktok_live_studio???16040_AMD_Radeon_RX_6700M@@gpu_video_codec,tiktok_live_studio???672_AMD_Radeon(TM)_Graphics@@gpu_video_codec,tiktok_live_studio???672_AMD_Radeon_RX_6700M@@gpu_video_codec,tiktok_live_studio???1996_AMD_Radeon(TM)_Graphics@@gpu_video_codec,tiktok_live_studio???1996_AMD_Radeon_RX_6700M@@gpu_video_codec,tiktok_live_studio???16368_AMD_Radeon(TM)_Graphics@@gpu_video_codec,tiktok_live_studio???16368_AMD_Radeon_RX_6700M@@gpu_video_codec,tiktok_live_studio???9900_AMD_Radeon(TM)_Graphics@@gpu_video_codec,tiktok_live_studio???9900_AMD_Radeon_RX_6700M@@gpu_video_codec,tiktok_live_studio???11080_AMD_Radeon(TM)_Graphics@@gpu_video_codec,tiktok_live_studio???11080_AMD_Radeon_RX_6700M@@gpu_video_codec,tiktok_live_studio???4040_AMD_Radeon(TM)_Graphics@@gpu_video_codec,tiktok_live_studio???4040_AMD_Radeon_RX_6700M@@gpu_video_codec,tiktok_live_studio???2848_AMD_Radeon(TM)_Graphics@@gpu_video_codec,tiktok_live_studio???2848_AMD_Radeon_RX_6700M@@gpu_video_codec,AMD_Radeon(TM)_Graphics##total_gpu_video_codec,AMD_Radeon_RX_6700M##total_gpu_video_codec
0,3.54,0,0,0,0,0,0,0,0,0,0,0,0,0,0,0,0,0,0,0,0,0,0,0,0,0,0,0,0,0,0
0,66.2,0,65.92,0,0,0,0,0,0,0,0,0,0,0,0,0,0,0,0,0,0,0,0,0,0,0,0,0,0,0,65.92
0,66.67,0,66.65,0,0,0,0,0,0,0,0,0,0,0,0,0,0,0,0,0,0,0,0,0,0,0,0,0,0,0,66.65
0,66.34,0,67.33,0,0,0,0,0,0,0,0,0,0,0,0,0,0,0,0,0,0,0,0,0,0,0,0,0,0,0,67.33
0,67.59,0,67.71,0,0,0,0,0,0,0,0,0,0,0,0,0,0,0,0,0,0,0,0,0,0,0,0,0,0,0,67.71
0,66.58,0,66.62,0,0,0,0,0,0,0,0,0,0,0,0,0,0,0,0,0,0,0,0,0,0,0,0,0,0,0,66.62
0,67.16,0,67.09,0,0,0,0,0,0,0,0,0,0,0,0,0,0,0,0,0,0,0,0,0,0,0,0,0,0,0,67.09
0,66.19,0,66.17,0,0,0,0,0,0,0,0,0,0,0,0,0,0,0,0,0,0,0,0,0,0,0,0,0,0,0,66.17
0,67.93,0,66.59,0,0,0,0,0,0,0,0,0,0,0,0,0,0,0,0,0,0,0,0,0,0,0,0,0,0,0,66.59
0,66.3,0,66.47,0,0,0,0,0,0,0,0,0,0,0,0,0,0,0,0,0,0,0,0,0,0,0,0,0,0,0,66.47
0,66.13,0,67.26,0,0,0,0,0,0,0,0,0,0,0,0,0,0,0,0,0,0,0,0,0,0,0,0,0,0,0,67.26
0,66.4,0,66.46,0,0,0,0,0,0,0,0,0,0,0,0,0,0,0,0,0,0,0,0,0,0,0,0,0,0,0,66.46
0,68.74,0,69.79,0,0,0,0,0,0,0,0,0,0,0,0,0,0,0,0,0,0,0,0,0,0,0,0,0,0,0,69.79
0,67.02,0,64.86,0,0,0,0,0,0,0,0,0,0,0,0,0,0,0,0,0,0,0,0,0,0,0,0,0,0,0,64.86
0,67.56,0,69.75,0,0,0,0,0,0,0,0,0,0,0,0,0,0,0,0,0,0,0,0,0,0,0,0,0,0,0,69.75
0,66.03,0,66.1,0,0,0,0,0,0,0,0,0,0,0,0,0,0,0,0,0,0,0,0,0,0,0,0,0,0,0,66.1
0,68.28,0,67.02,0,0,0,0,0,0,0,0,0,0,0,0,0,0,0,0,0,0,0,0,0,0,0,0,0,0,0,67.02
0,66.17,0,65.2,0,0,0,0,0,0,0,0,0,0,0,0,0,0,0,0,0,0,0,0,0,0,0,0,0,0,0,65.2
0,67.21,0,67.31,0,0,0,0,0,0,0,0,0,0,0,0,0,0,0,0,0,0,0,0,0,0,0,0,0,0,0,67.31
0,66.34,0,68.44,0,0,0,0,0,0,0,0,0,0,0,0,0,0,0,0,0,0,0,0,0,0,0,0,0,0,0,68.44
0,67.61,0,65.43,0,0,0,0,0,0,0,0,0,0,0,0,0,0,0,0,0,0,0,0,0,0,0,0,0,0,0,65.43
0,66.43,0,68.66,0,0,0,0,0,0,0,0,0,0,0,0,0,0,0,0,0,0,0,0,0,0,0,0,0,0,0,68.66
0,66.89,0,66.85,0,0,0,0,0,0,0,0,0,0,0,0,0,0,0,0,0,0,0,0,0,0,0,0,0,0,0,66.85
0,65.96,0,64.91,0,0,0,0,0,0,0,0,0,0,0,0,0,0,0,0,0,0,0,0,0,0,0,0,0,0,0,64.91
0,67.76,0,66.68,0,0,0,0,0,0,0,0,0,0,0,0,0,0,0,0,0,0,0,0,0,0,0,0,0,0,0,66.68
0,66.16,0,67.26,0,0,0,0,0,0,0,0,0,0,0,0,0,0,0,0,0,0,0,0,0,0,0,0,0,0,0,67.26
0,66.72,0,67.59,0,0,0,0,0,0,0,0,0,0,0,0,0,0,0,0,0,0,0,0,0,0,0,0,0,0,0,67.59
0,67.18,0,67.25,0,0,0,0,0,0,0,0,0,0,0,0,0,0,0,0,0,0,0,0,0,0,0,0,0,0,0,67.25
0,67.21,0,65.25,0,0,0,0,0,0,0,0,0,0,0,0,0,0,0,0,0,0,0,0,0,0,0,0,0,0,0,65.25
0,66.13,0,68.12,0,0,0,0,0,0,0,0,0,0,0,0,0,0,0,0,0,0,0,0,0,0,0,0,0,0,0,68.12
0,66.67,0,66.68,0,0,0,0,0,0,0,0,0,0,0,0,0,0,0,0,0,0,0,0,0,0,0,0,0,0,0,66.68
0,66.23,0,66.22,0,0,0,0,0,0,0,0,0,0,0,0,0,0,0,0,0,0,0,0,0,0,0,0,0,0,0,66.22
