AMD_Radeon_RX_6700M##sys_gpu_high_priority_3d,mediasdk_server???9512_AMD_Radeon_RX_6700M@@gpu_high_priority_3d,parfait_crash_handler???11840_AMD_Radeon_RX_6700M@@gpu_high_priority_3d,parfait_crash_handler???12780_AMD_Radeon_RX_6700M@@gpu_high_priority_3d,tiktok_live_studio???10644_AMD_Radeon_RX_6700M@@gpu_high_priority_3d,tiktok_live_studio???8376_AMD_Radeon_RX_6700M@@gpu_high_priority_3d,tiktok_live_studio???2272_AMD_Radeon_RX_6700M@@gpu_high_priority_3d,tiktok_live_studio???2172_AMD_Radeon_RX_6700M@@gpu_high_priority_3d,tiktok_live_studio???7328_AMD_Radeon_RX_6700M@@gpu_high_priority_3d,tiktok_live_studio???11792_AMD_Radeon_RX_6700M@@gpu_high_priority_3d,tiktok_live_studio???13544_AMD_Radeon_RX_6700M@@gpu_high_priority_3d,tiktok_live_studio???14304_AMD_Radeon_RX_6700M@@gpu_high_priority_3d,tiktok_live_studio???15248_AMD_Radeon_RX_6700M@@gpu_high_priority_3d,tiktok_live_studio???11416_AMD_Radeon_RX_6700M@@gpu_high_priority_3d,tiktok_live_studio???10712_AMD_Radeon_RX_6700M@@gpu_high_priority_3d,AMD_Radeon_RX_6700M##total_gpu_high_priority_3d
0,0,0,0,0,0,0,0,0,0,0,0,0,0,0,0
0,0,0,0,0,0,0,0,0,0,0,0,0,0,0,0
0,0,0,0,0,0,0,0,0,0,0,0,0,0,0,0
0,0,0,0,0,0,0,0,0,0,0,0,0,0,0,0
0,0,0,0,0,0,0,0,0,0,0,0,0,0,0,0
0,0,0,0,0,0,0,0,0,0,0,0,0,0,0,0
0,0,0,0,0,0,0,0,0,0,0,0,0,0,0,0
0,0,0,0,0,0,0,0,0,0,0,0,0,0,0,0
0,0,0,0,0,0,0,0,0,0,0,0,0,0,0,0
0,0,0,0,0,0,0,0,0,0,0,0,0,0,0,0
0,0,0,0,0,0,0,0,0,0,0,0,0,0,0,0
0,0,0,0,0,0,0,0,0,0,0,0,0,0,0,0
0,0,0,0,0,0,0,0,0,0,0,0,0,0,0,0
0,0,0,0,0,0,0,0,0,0,0,0,0,0,0,0
0,0,0,0,0,0,0,0,0,0,0,0,0,0,0,0
0,0,0,0,0,0,0,0,0,0,0,0,0,0,0,0
